company_names,company_web_addresses,company_contacts,company_emails
Solutions Therapy,solutionstherapies.com,07512242543,denise.hopkins@hotmail.co.uk
Tamsin Taylor Counselling,tamsintaylorcounselling.com,07379959992,tamsintaylorcounsellor@gmail.com
Parallax Counselling,parallaxcounselling.co.uk,07341225487,info@parallaxcounselling.co.uk
Lisa Murphy Counselling & Hypnotherapy,cherrytherapies.com,07912408830,cherrytherapies@gmail.com
Pittmain Addiction Therapy,pittmain.co.uk,02380012619,pittmainaddiction@yahoo.com
Counselling Companion,counsellingcompanion.co.uk,07584106577,julia@counsellingcompanion.co.uk
Tapping with Lucy,tappingwithlucy.com,07799254924,tappingwithlucy@proton.me
Addiction Counselling â€“ Bradley Riddell,addiction-counselling.org.uk,07914681995,bradrid@gmail.com
The Wellbourne Clinic,thewellbourneclinic.com,03300431715,info@thewellbourneclinic.com
Southdowns Psychotherapy,southdownspsychotherapy.co.uk,07842338135,alana@sdpsy.co.uk
